{"cameraMode":{"drawMode":0,"name":"Shaded","section":"Shading Mode"},"sceneLighting":true,"audioPlay":false,"sceneViewState":{"showFog":true,"showMaterialUpdate":false,"showSkybox":true,"showFlares":true,"showImageEffects":true,"showParticleSystems":true},"in2DMode":false,"pivot":{"x":1.818559169769287,"y":-3.0792815685272219,"z":-17.261863708496095},"rotation":{"x":-0.005741987843066454,"y":-0.994195282459259,"z":0.07022195309400559,"w":-0.08131184428930283},"size":22.0,"orthographic":false}